{"class_0": 0.4699999999999998, "class_1": 0.3299999999999999}